feature,importance,std
lag_6h,45.08892324116423,1.3792420033778072
rolling_mean_6h,37.50028765432653,0.9871772736005935
lag_1h,16.07500913041731,0.36624276451829746
hour_norm,0.016926550335301726,0.01092481089845127
is_weekend,-0.055063568336936444,0.04711733286654246
lag_24h,-34.58126372533352,2.542540351268507
rolling_mean_24h,-52.66101131012765,2.5047144074251526
pm25,-65.40348230306317,3.83592370467475
aqi,-69.39471016526177,6.498816038700077
pm10,-73.15089917463266,2.2709763822191626
