,aqi,target_24h,target_72h
aqi,1.0,0.4421484914888659,0.2513869944505249
target_24h,0.4421484914888659,1.0,0.4054674610049396
target_72h,0.2513869944505249,0.4054674610049396,1.0
